Dataset,Model,Number_of_iteration_of_prediction,Atom_size,Dropout,num_training_epoch,num_test_epoch,TP,FN,FP,TN,Uncertainty,Accuracy,MCC,Specificity,Precision,Sensitivity,F1,ale_uncertainty,epi_uncertainty
rand_wrongly_classified,first,1,330,0,90,1,81.0,21.0,1.0,98.0,0.056405115872621536,0.8905472636815921,0.7975585128052521,0.98989898989899,0.9878048780487805,0.7941176470588235,0.8804347826086957,0.056405115872621536,0.0
Japan_test,first,1,550,0,37,1,602.0,408.0,227.0,2342.0,0.05200303718447685,0.8225761385861973,0.5416113920387393,0.9116387699493966,0.7261761158021713,0.596039603960396,0.6547036432843937,0.05200303718447685,0.0
Japan_test,second,5,550,0.2,67,1,734.0,276.0,423.0,2146.0,0.0517243854701519,0.8046940486169321,0.5408600853203784,0.8353444920202413,0.634399308556612,0.7267326732673267,0.6774342408860176,0.045413706451654434,0.006310680881142616
