model,num_training_epoch,num_test_epoch,TP,FN,FP,TN,Uncertainty,Accuracy,MCC,Specificity,Precision,Sensitivity,F1,ale_uncertainty,epi_uncertainty
first,100,1,29.0,73.0,5.0,94.0,0.03282219544053078,0.6119402985074627,0.31180323002092913,0.9494949494949495,0.8529411764705882,0.28431372549019607,0.4264705882352941,0.03282219544053078,1.7809781427402527e-10
