Dataset,Model,Number_of_iteration_of_prediction,Atom_size,Dropout,num_training_epoch,num_test_epoch,TP,FN,FP,TN,Uncertainty,Accuracy,MCC,Specificity,Precision,Sensitivity,F1,ale_uncertainty,epi_uncertainty
randomized_wrongly_classified,first,5,200,NONE,100,1,29.0,73.0,5.0,94.0,0.03282219544053078,0.6119402985074627,0.31180323002092913,0.9494949494949495,0.8529411764705882,0.28431372549019607,0.4264705882352941,0.03282219544053078,1.7809781427402527e-10
randomized_wrongly_classified,Second,5,200,0.2,90,1,9.0,93.0,5.0,94.0,0.08700352162122726,0.5124378109452736,0.07410072743307762,0.9494949494949495,0.6428571428571429,0.08823529411764706,0.15517241379310345,0.06901276111602783,0.017990756779909134
