data,model,epoch,TP,FN,FP,TN,Uncertainty,Accuracy,MCC,Specificity,Precision,Sensitivity,F1,ale_uncertainty,epi_uncertainty
wrongly_classified,200,1,13.0,89.0,48.0,51.0,0.2230962796839505,0.31840796019900497,-0.38863352658249223,0.5151515151515151,0.21311475409836064,0.12745098039215685,0.15950920245398773,0.07559831071682138,0.14749796896712908
wrongly_classified,2000,1,15.0,87.0,33.0,66.0,0.19133008253010733,0.40298507462686567,-0.2184262241094244,0.6666666666666666,0.3125,0.14705882352941177,0.2,0.07311209223491047,0.11821799029519685
