data,training_data_size,epoch,TP,FN,FP,TN,Uncertainty,Accuracy,MCC,Specificity,Precision,Sensitivity,F1,ale_uncertainty,epi_uncertainty
original_test,2000,1,934.0,691.0,698.0,2477.0,0.0755772516131401,0.710625,0.35455577906252256,0.7801574803149607,0.5723039215686274,0.5747692307692308,0.5735339269266196,0.04936641827225685,0.026210838928818703
original_test,200,1,865.0,760.0,1016.0,2159.0,0.090295315,0.63,0.20580353584260588,0.68,0.45986177565124936,0.5323076923076923,0.4934398174557901,0.06432027,0.025975041
