Model,Test_Data,epoch,TP,FN,FP,TN,Uncertainty,Accuracy,MCC,Specificity,Precision,Sensitivity,F1,ale_uncertainty,epi_uncertainty
First,WronglyClassified,1,24.0,78.0,7.0,92.0,0.23926596131985953,0.5771144278606966,0.22782848837789782,0.9292929292929293,0.7741935483870968,0.23529411764705882,0.3609022556390977,0.22509034469841394,0.014175616621445597
First,original_test,1,1425.0,200.0,449.0,2726.0,0.01984617205118092,0.8647916666666666,0.7134485637268019,0.8585826771653543,0.7604055496264674,0.8769230769230769,0.8145184338382395,0.019735937097657773,0.00011023495352314651
First,Japan,1,1254.0,19.0,390.0,8047.0,0.009956309109217062,0.9578784757981462,0.8449368801059679,0.9537750385208013,0.7627737226277372,0.9850746268656716,0.85978745286253,0.009930853477786784,2.5455631430279014e-05
Second,orginal_test,1,1354.0,271.0,561.0,2614.0,0.2414039134278764,0.8266666666666667,0.6344552888825545,0.8233070866141732,0.7070496083550913,0.8332307692307692,0.7649717514124293,0.23148485593108167,0.009919057496794765
Second,WronglyClassified,1,16.0,86.0,8.0,91.0,0.27051749429892263,0.5323383084577115,0.11726037610307366,0.9191919191919192,0.6666666666666666,0.1568627450980392,0.253968253968253
