epoch,TP,FN,FP,TN,Uncertainty,Accuracy,MCC,Specificity,Precision,Sensitivity,F1,ale_uncertainty,epi_uncertainty
1,985.0,288.0,5079.0,3358.0,0.2318410130153646,0.44727085478887746,0.11972132015551654,0.3980087708901268,0.162434036939314,0.7737627651217597,0.2685021125800736,0.23006566936597064,0.0017753436493939678
2,1009.0,264.0,4973.0,3464.0,0.23183522635523035,0.460659114315139,0.14100868616910256,0.41057247836908856,0.16867268472082916,0.7926158680282797,0.2781529979324604,0.22869556383419737,0.003139662521032982
3,961.0,312.0,4646.0,3791.0,0.23237203956192343,0.4893923789907312,0.13955100759284864,0.4493303306862629,0.17139290172998037,0.7549096622152396,0.27936046511627904,0.2289486384261511,0.0034234011357723304
4,998.0,275.0,4799.0,3638.0,0.23186319610042358,0.47744593202883623,0.14805904951321178,0.43119592272134644,0.17215801276522338,0.783974862529458,0.2823196605374823,0.22841631744192561,0.003446878658497965
5,1011.0,262.0,4653.0,3784.0,0.23191247994307143,0.4938208032955716,0.16614270339897103,0.4485006518904824,0.1784957627118644,0.7941869599371564,0.2914804670606891,0.22814910094354882,0.0037633789995226152
6,1048.0,225.0,4809.0,3628.0,0.23155373231511428,0.4815653964984552,0.17471997589236093,0.4300106672988029,0.17893119344374253,0.8232521602513747,0.29396914446002803,0.22786979472709162,0.0036839375880226566
